./Meriton_Apartments_Sydney_clean/meriton-serviced-apartments_032.jpg
./Sheraton_SanFrancisco_clean/filename-dsc-0069-jpg.jpg
./Marriot_SanDiego_clean/filename-mmm5-jpg-thumbnail0.jpg
./BestWestern_BryceCanyon_clean/best-western-plus-bryce_064.jpg
./Intercontinental_Bangkok_clean/my-room.jpg
./Platzl_Hotel_Munich_clean/platzl-hotel_014.jpg
./Intercontinental_Chicago_clean/intercontinental-chicago_044.jpg
./Meriton_Apartments_Sydney_clean/filename-dsc03388-jpg.jpg
./Sheraton_SanDiego_clean/the-sheraton-san-diego_022.jpg
./Mandarin_Oriental_Las_Vegas_clean/mandarin-oriental-las_141.jpg
./Marriot_Miami_clean/miami-marriott-biscayne_025.jpg
./Marriot_Indianapolis_clean/room-1217.jpg
./Mandarin_Oriental_Las_Vegas_clean/our-room.jpg
./Bardessono_Yountville_clean/in-room-fireplace.jpg
./Sheraton_LosAngles_clean/bed.jpg
./Mandarin_Oriental_Las_Vegas_clean/room-w-strip-view.jpg
./Sheraton_Seattle_clean/filename-img-0009-jpg.jpg
./Intercontinental_Bangkok_clean/intercontinental-bangkok_068.jpg
./Meriton_Apartments_Sydney_clean/meriton-serviced-apartments_083.jpg
./Casablanca_Newyork_clean/casablanca-hotel-times_009.jpg
./Meriton_Apartments_Sydney_clean/meriton-serviced-apartments_156.jpg
./Bardessono_Yountville_clean/fireplace-in-room.jpg
./Meriton_Apartments_Sydney_clean/meriton-serviced-apartments_082.jpg
./Marriot_Indianapolis_clean/jw-marriott-indianapolis_013.jpg
./Intercontinental_NewYork_clean/intercontinental-new_093.jpg
./Intercontinental_NewYork_clean/the-comfy-beds.jpg
./Hilton_Niagrafalls_clean/upgraded-king-1507.jpg
./Hilton_San_Diego_clean/double-beds.jpg
./Hilton_Beverly_clean/junior-suite_001.jpg
./BestWestern_BryceCanyon_clean/room-luxury.jpg
./Sheraton_SanDiego_clean/suite.jpg
./Intercontinental_Bangkok_clean/intercontinental-bangkok_012.jpg
./Marriot_Newyork_clean/room-4361-work-desk-and.jpg
./Meriton_Apartments_Sydney_clean/filename-voyage-1161.jpg
./BestWestern_BryceCanyon_clean/best-western-plus-bryce_044.jpg
./Hilton_Tokyo_clean/hilton-tokyo_021.jpg
./Platzl_Hotel_Munich_clean/platzl-hotel_029.jpg
./Intercontinental_Boston_clean/bedroom-with-water-view.jpg
./Kempinski_Hotel_Munich_clean/large-room.jpg
./Mandarin_Oriental_Las_Vegas_clean/filename-imag0490-jpg.jpg
./Mandarin_Oriental_Las_Vegas_clean/mandarin-oriental-las_004.jpg
./Intercontinental_SanFrancisco_clean/one-bedroom-suite-living.jpg
./Hilton_Malta_clean/room-843.jpg
./Hilton_Tokyo_clean/room-1706-non-executive.jpg
./Mandarin_Oriental_Las_Vegas_clean/room-photo-3.jpg
./Hilton_SanFrancisco_clean/37-lcd-tv.jpg
./Marriot_Newyork_clean/new-york-marriott-marquis_049.jpg
./Hilton_SanFrancisco_clean/caption_009.jpg
./Intercontinental_Bangkok_clean/intercontinental-bangkok_017.jpg
./Kempinski_Hotel_Munich_clean/kempinski-hotel-airport_027.jpg
./Meriton_Apartments_Sydney_clean/meriton-serviced-apartments_119.jpg
./Sheraton_SanFrancisco_clean/bed.jpg
./BestWestern_BryceCanyon_clean/best-western-plus-bryce_017.jpg
./Hilton_Beverly_clean/oasis-room-bathroom_001.jpg
./Marriot_SanFrancisco_clean/san-francisco-marriott_022.jpg
./Kempinski_Hotel_Munich_clean/letto.jpg
./Mandarin_Oriental_Las_Vegas_clean/zimmer.jpg
./Sheraton_SanDiego_clean/room-shot.jpg
./Hilton_SanFrancisco_clean/hilton-suite-1431_001.jpg
./Hotel41_London_clean/great-bed.jpg
./Marriot_SanDiego_clean/standard-double.jpg
./Casablanca_Newyork_clean/view-from-bed.jpg
./Bardessono_Yountville_clean/bed-rm-412.jpg
./Intercontinental_NewYork_clean/filename-east-coast-2011_001.jpg
./Hilton_Malta_clean/hilton-malta_027.jpg
./Marriot_Newyork_clean/new-york-marriott-marquis_040.jpg
./Intercontinental_Bangkok_clean/club-suite.jpg
./Intercontinental_Bali_clean/caption_009.jpg
./Hilton_Malta_clean/tv-and-forniture-of-the.jpg
./Hilton_Beverly_clean/junior-king-suite.jpg
./Sheraton_Seattle_clean/starbucks-coffee-in-room.jpg
./Meriton_Apartments_Sydney_clean/meriton-serviced-apartments_028.jpg
./Intercontinental_Bangkok_clean/diplomatic-suite-bed.jpg
./Marriot_SanDiego_clean/san-diego-marriott-marquis_011.jpg
./Mandarin_Oriental_Las_Vegas_clean/guest-room_002.jpg
./Sheraton_Seattle_clean/sheraton-seattle-hotel_003.jpg
./Sheraton_Newyork_clean/caption.jpg
./Marriot_SanDiego_clean/dresser-desk-couch.jpg
./Mandarin_Oriental_Las_Vegas_clean/mandarin-oriental-las_163.jpg
./Intercontinental_Chicago_clean/twin-doubles.jpg
./Hotel41_London_clean/bedroom.jpg
./Bardessono_Yountville_clean/outdoor-shower-and-private.jpg
./Platzl_Hotel_Munich_clean/shower.jpg
./Intercontinental_Boston_clean/intercontinental-boston_028.jpg
./French_Quarter_Inn_Charleston_clean/the-room.jpg
./Intercontinental_SanFrancisco_clean/san-francisco.jpg
./Grand_Del_Mar_SanDiego_clean/filename-dsc-0133-jpg.jpg
./Le_Champlain_Quebec_clean/le-champlain-hotel_005.jpg
./Mandarin_Oriental_Las_Vegas_clean/mandarin-oriental-las_066.jpg
./Intercontinental_Boston_clean/superior-suite_008.jpg
./Hilton_Tokyo_clean/the-room-and-part-of.jpg
./Adina_Apartment_Berlin_clean/filename-berlin-2012_002.jpg
./Intercontinental_Chicago_clean/filename-april-2012-track.jpg
./Hotel41_London_clean/hotel-41_024.jpg
./Intercontinental_NewYork_clean/intercontinental-new_094.jpg
./Sheraton_LosAngles_clean/sheraton-gateway-los_019.jpg
./Marriot_SanDiego_clean/filename-travel-hotel_003.jpg
./Marriot_SanFrancisco_clean/san-francisco-marriott_041.jpg
./Sheraton_SanDiego_clean/the-sheraton-san-diego_053.jpg
./Intercontinental_Boston_clean/intercontinental-boston_012.jpg
./Sheraton_Seattle_clean/king-sized-bed-very-comfy.jpg
./Sheraton_LosAngles_clean/filename-img-0537-jpg.jpg
./BestWestern_BryceCanyon_clean/zimmer_002.jpg
./Marriot_Miami_clean/miami_005.jpg
./Hilton_Malta_clean/la-stanza-957-eccellente.jpg
./Marriot_Miami_clean/miami-marriott-biscayne_027.jpg
./Marriot_Newyork_clean/new-york-marriott-marquis_055.jpg
./Intercontinental_Bali_clean/intercontinental-bali_044.jpg
./Marriot_Miami_clean/the-comfy-beds-at-the.jpg
./Sheraton_SanFrancisco_clean/room-view.jpg
./Meriton_Apartments_Sydney_clean/bed.jpg
./Hotel41_London_clean/london.jpg
./Marriot_Miami_clean/miami-marriott-biscayne_041.jpg
./Casablanca_Newyork_clean/casablanca-hotel-times_021.jpg
./Sheraton_Newyork_clean/accesable-room.jpg
./Hilton_Malta_clean/saint-julian-s.jpg
./Intercontinental_Bali_clean/intercontinental-bali_023.jpg
./Meriton_Apartments_Sydney_clean/meriton-serviced-apartments_087.jpg
./Platzl_Hotel_Munich_clean/room-512-single_001.jpg
./Hilton_Niagrafalls_clean/filename-niagara-tip_002.jpg
./Intercontinental_NewYork_clean/intercontinental-new_070.jpg
./Marriot_SanFrancisco_clean/san-francisco-marriott_034.jpg
./Marriot_Miami_clean/beds.jpg
./Hilton_Niagrafalls_clean/filename-img-2111-jpg.jpg
./Sheraton_SanFrancisco_clean/sheraton-fisherman-s_015.jpg
./Mandarin_Oriental_Las_Vegas_clean/filename-img-5864-jpg.jpg
./Intercontinental_NewYork_clean/intercontinental-new_026.jpg
./Hotel41_London_clean/hotel-41_040.jpg
./Intercontinental_SanFrancisco_clean/our-big-room_004.jpg
./Hilton_SanFrancisco_clean/hilton-san-francisco_059.jpg
./Meriton_Apartments_Sydney_clean/studio-room_001.jpg
./Hilton_Tokyo_clean/hilton-tokyo_062.jpg
./Hilton_Niagrafalls_clean/fallsview_023.jpg
./Le_Champlain_Quebec_clean/foto-habitacion-1.jpg
./Meriton_Apartments_Sydney_clean/meriton-serviced-apartments_154.jpg
./Meriton_Apartments_Sydney_clean/meriton-serviced-apartments_148.jpg
./Intercontinental_Bali_clean/singaraja-room.jpg
./Hotel_Commonwealth_Boston_clean/supreme-deluxe-room.jpg
./Hotel41_London_clean/hotel-41_063.jpg
./BestWestern_BryceCanyon_clean/room.jpg
./Intercontinental_Bangkok_clean/room_007.jpg
./Hilton_Niagrafalls_clean/hilton-hotel-and-suites_058.jpg
./Kempinski_Hotel_Munich_clean/room_005.jpg
./Bardessono_Yountville_clean/filename-2012-01-23-22.jpg
./Grand_Del_Mar_SanDiego_clean/the-bed_001.jpg
./Intercontinental_Bangkok_clean/the-room_002.jpg
./BestWestern_BryceCanyon_clean/best-western-plus-bryce_039.jpg
./Adina_Apartment_Berlin_clean/adina-apartment-hotel_064.jpg
./Meriton_Apartments_Sydney_clean/meriton-serviced-apartments_074.jpg
./Adina_Apartment_Berlin_clean/adina-apartment-hotel_031.jpg
./Hotel41_London_clean/cosy-warm-room.jpg
./Hilton_Malta_clean/d8edf742cf5914b5b3f0da2e03f2c6567large.jpg
./Intercontinental_NewYork_clean/intercontinental-new_002.jpg
./Intercontinental_Bangkok_clean/intercontinental-bangkok_052.jpg
./Hotel_Commonwealth_Boston_clean/small-sitting-room.jpg
./Marriot_SanDiego_clean/filename-travel-hotel_002.jpg
./Sheraton_Seattle_clean/beds-sitting-area.jpg
./Sheraton_LosAngles_clean/filename-img-7206-jpg.jpg
./Hilton_Malta_clean/filename-p1030897-jpg.jpg
./Mandarin_Oriental_Las_Vegas_clean/mandarin-oriental-las_126.jpg
./BestWestern_BryceCanyon_clean/another-view-of-the-room.jpg
./Intercontinental_SanFrancisco_clean/bedroom.jpg
./Hotel41_London_clean/bedroom_005.jpg
./Casablanca_Newyork_clean/casablanca-hotel-times_027.jpg
./Sheraton_SanDiego_clean/the-sheraton-san-diego_013.jpg
./BestWestern_BryceCanyon_clean/best-western-plus-bryce_003.jpg
./Intercontinental_NewYork_clean/our-room.jpg
./Sheraton_Seattle_clean/the-long-room.jpg
./Adina_Apartment_Berlin_clean/habitacion_001.jpg
./Le_Champlain_Quebec_clean/bed_001.jpg
./Marriot_SanFrancisco_clean/san-francisco-marriott_013.jpg
./Meriton_Apartments_Sydney_clean/filename-dsc03154-jpg.jpg
./BestWestern_BryceCanyon_clean/best-western-plus-bryce_006.jpg
./Hilton_Niagrafalls_clean/hilton-hotel-and-suites_048.jpg
./Hilton_Tokyo_clean/tokyo_002.jpg
./Intercontinental_Boston_clean/comfortable-beds.jpg
./Intercontinental_Boston_clean/intercontinental-boston_034.jpg
./Hilton_SanFrancisco_clean/hilton-san-francisco_006.jpg
./Marriot_SanFrancisco_clean/room_003.jpg
./Mandarin_Oriental_Las_Vegas_clean/filename-img-1051-v10.jpg
./Marriot_SanFrancisco_clean/the-room.jpg
./Meriton_Apartments_Sydney_clean/meriton-serviced-apartments_158.jpg
./Marriot_SanFrancisco_clean/san-francisco-marriott_025.jpg
./Hotel_Commonwealth_Boston_clean/hotel-commonwealth_008.jpg
./Le_Champlain_Quebec_clean/room-29-photo2.jpg
./Hilton_Tokyo_clean/room_001.jpg
./Marriot_SanFrancisco_clean/camera.jpg
./Marriot_SanDiego_clean/room-1447.jpg
./BestWestern_BryceCanyon_clean/best-western-plus-bryce_052.jpg
./Hilton_Tokyo_clean/sitting-area-where-we.jpg
./Mandarin_Oriental_Las_Vegas_clean/mandarin-premier-room.jpg
./Sheraton_Newyork_clean/sheraton-new-york-times_083.jpg
./Intercontinental_Chicago_clean/filename-dsc00770-jpg.jpg
./French_Quarter_Inn_Charleston_clean/french-quarter-inn_007.jpg
./Hilton_Niagrafalls_clean/living-room-area-with.jpg
./Hilton_Malta_clean/hilton-malta_028.jpg
./Hilton_Niagrafalls_clean/hilton-hotel-and-suites_001.jpg
./Meriton_Apartments_Sydney_clean/kitchen_001.jpg
./French_Quarter_Inn_Charleston_clean/traditional-king-room_002.jpg
./Intercontinental_Boston_clean/room-1250.jpg
./Hilton_Niagrafalls_clean/niagara-falls_013.jpg
./Hilton_SanFrancisco_clean/desk-and-tv-area-see.jpg
./Meriton_Apartments_Sydney_clean/meriton-serviced-apartments_102.jpg
./Platzl_Hotel_Munich_clean/platzl-hotel_031.jpg
./Hotel41_London_clean/hotel-41_012.jpg
./Intercontinental_Boston_clean/filename-june-2012-532.jpg
./Intercontinental_Bali_clean/intercontinental-bali_059.jpg
./Meriton_Apartments_Sydney_clean/meriton-serviced-apartments_018.jpg
./AllisonInn_And_Spa_Newberg_clean/allison-inn-spa_021.jpg
./Bardessono_Yountville_clean/bardessono_020.jpg
./Mandarin_Oriental_Las_Vegas_clean/filename-img-1057-v10.jpg
./Mandarin_Oriental_Las_Vegas_clean/mandarin-oriental-las_030.jpg
./Intercontinental_SanFrancisco_clean/our-big-room_031.jpg
./BestWestern_BryceCanyon_clean/best-western-plus-bryce_015.jpg
./Hotel41_London_clean/hotel-41_011.jpg
./Kempinski_Hotel_Munich_clean/superior-room-very-spacious.jpg
./Mandarin_Oriental_Las_Vegas_clean/the-bedroom.jpg
./Le_Champlain_Quebec_clean/room.jpg
./Mandarin_Oriental_Las_Vegas_clean/filename-100-3439-jpg.jpg
./Intercontinental_SanFrancisco_clean/room-with-2-queens.jpg
./French_Quarter_Inn_Charleston_clean/french-quarter-inn_008.jpg
./Intercontinental_Bangkok_clean/beautifully-appointed.jpg
./Mandarin_Oriental_Las_Vegas_clean/mandarin-oriental-las_023.jpg
./Marriot_Indianapolis_clean/filename-room-jpg-thumbnail0.jpg
./Sheraton_SanFrancisco_clean/our-room_004.jpg
./Bardessono_Yountville_clean/bardessono_005.jpg
./Intercontinental_Bali_clean/caption_011.jpg
./Intercontinental_Boston_clean/intercontinental-boston_024.jpg
./Bardessono_Yountville_clean/living-room.jpg
./Hotel41_London_clean/room.jpg
./Intercontinental_NewYork_clean/intercontinental-new_049.jpg
./Casablanca_Newyork_clean/room-1.jpg
./Meriton_Apartments_Sydney_clean/filename-dsc03159-jpg.jpg
./Marriot_SanFrancisco_clean/san-francisco-marriott_043.jpg
./Mandarin_Oriental_Las_Vegas_clean/mandarin-oriental-las_085.jpg
./Intercontinental_SanFrancisco_clean/big-desk-and-tv.jpg
./Sheraton_SanFrancisco_clean/sheraton-fisherman-s_012.jpg
./Sheraton_SanFrancisco_clean/filename-dsc-0611-jpg.jpg
./Hilton_Malta_clean/hilton-malta_050.jpg
./Casablanca_Newyork_clean/new-york-city_004.jpg
./Hotel41_London_clean/hotel-41_048.jpg
./Mandarin_Oriental_Las_Vegas_clean/mandarin-oriental-las_034.jpg
./Sheraton_SanFrancisco_clean/sheraton-fisherman-s_029.jpg
./Hilton_SanFrancisco_clean/hilton-san-francisco_019.jpg
./Le_Champlain_Quebec_clean/superior-room--v1538543-83.jpg
./Kempinski_Hotel_Munich_clean/room_004.jpg
./Hilton_Beverly_clean/beverly-hilton-standard_001.jpg
./Meriton_Apartments_Sydney_clean/meriton-serviced-apartments_062.jpg
./Intercontinental_SanFrancisco_clean/our-big-room_026.jpg
./Marriot_Newyork_clean/2-double-beds.jpg
./Sheraton_SanFrancisco_clean/sheraton-fisherman-s_004.jpg
./AllisonInn_And_Spa_Newberg_clean/allison-inn-spa_009.jpg
./Intercontinental_Bali_clean/intercontinental-bali_052.jpg
./Hilton_Malta_clean/hilton-malta_058.jpg
./Platzl_Hotel_Munich_clean/room_001.jpg
./Intercontinental_NewYork_clean/good-size-room.jpg
./Hilton_Tokyo_clean/room-iii.jpg
./Hilton_San_Diego_clean/la-habitacion_001.jpg
./Hilton_Tokyo_clean/room-i.jpg
./Grand_Del_Mar_SanDiego_clean/another-view-of-the-room.jpg
./Hilton_Tokyo_clean/tokyo_003.jpg
./Marriot_Newyork_clean/corner-king-room-marriott_001.jpg
./Marriot_Miami_clean/miami-marriott-biscayne_004.jpg
./Hilton_San_Diego_clean/hilton-san-diego-bayfront_006.jpg
./Hotel41_London_clean/la-nostra-camera.jpg
./Sheraton_Newyork_clean/maids-didnt-make-bed.jpg
./Mandarin_Oriental_Las_Vegas_clean/mandarin-oriental-las_110.jpg
./Hilton_SanFrancisco_clean/filename-us-desk-jpg.jpg
./Hilton_Niagrafalls_clean/suite_004.jpg
./Marriot_Newyork_clean/caption_001.jpg
./Sheraton_SanDiego_clean/nicely-decorated-room.jpg
./Hilton_Niagrafalls_clean/deluxe-premium-suite.jpg
./Mandarin_Oriental_Las_Vegas_clean/filename-img-0049-jpg.jpg
./AllisonInn_And_Spa_Newberg_clean/allison-inn-spa_015.jpg
./Sheraton_SanFrancisco_clean/la-stanza.jpg
./Hilton_San_Diego_clean/very-comfortable-bed.jpg
./BestWestern_BryceCanyon_clean/best-western-plus-bryce_009.jpg
./Hilton_Tokyo_clean/hilton-tokyo_028.jpg
./Hotel41_London_clean/filename-dsc-8606-jpg.jpg
./Intercontinental_SanFrancisco_clean/tv.jpg
./Sheraton_SanFrancisco_clean/la-stanza_001.jpg
./Hilton_SanFrancisco_clean/a-basic-king-bed-room.jpg
./Hilton_Malta_clean/delux.jpg
./Sheraton_SanDiego_clean/king-bed-in-bayside-tower.jpg
./Bardessono_Yountville_clean/bed_002.jpg
./Marriot_SanFrancisco_clean/san-francisco-marriott_050.jpg
./Hilton_San_Diego_clean/hilton-san-diego-bayfront_045.jpg
./Marriot_Newyork_clean/new-york-marriott-marquis_044.jpg
./Bardessono_Yountville_clean/bardessono_017.jpg
./Adina_Apartment_Berlin_clean/adina-apartment-hotel_013.jpg
./Intercontinental_Chicago_clean/room-pic-2.jpg
./Sheraton_SanFrancisco_clean/flat-screen-tv.jpg
./Hilton_SanFrancisco_clean/hilton-san-francisco_017.jpg
./Marriot_Newyork_clean/room-2840.jpg
./Intercontinental_Chicago_clean/filename-001-jpg-thumbnail0.jpg
./Mandarin_Oriental_Las_Vegas_clean/mandarin-oriental-las_073.jpg
./Sheraton_SanFrancisco_clean/san-francisco_001.jpg
./Hilton_Beverly_clean/beverly-hilton-standard.jpg
./Hotel41_London_clean/hotel-41_051.jpg
./Meriton_Apartments_Sydney_clean/caption_001.jpg
./Intercontinental_NewYork_clean/intercontinental-new_125.jpg
./Sheraton_SanFrancisco_clean/sheraton-fisherman-s_028.jpg
./Le_Champlain_Quebec_clean/chambre-3.jpg
./Meriton_Apartments_Sydney_clean/meriton-serviced-apartments_025.jpg
./Kempinski_Hotel_Munich_clean/bett_001.jpg
./AllisonInn_And_Spa_Newberg_clean/allison-inn-spa_024.jpg
./Mandarin_Oriental_Las_Vegas_clean/executive-suite-living_001.jpg
./Intercontinental_NewYork_clean/tv.jpg
./Mandarin_Oriental_Las_Vegas_clean/mandarin-oriental-las_041.jpg
./Marriot_SanFrancisco_clean/san-francisco-marriott_056.jpg
./Adina_Apartment_Berlin_clean/adina-apartment-hotel_055.jpg
./Sheraton_SanDiego_clean/king-room_004.jpg
./Sheraton_Newyork_clean/sheraton-new-york-times_033.jpg
./Mandarin_Oriental_Las_Vegas_clean/strip-suite-liviing-room_001.jpg
./Grand_Del_Mar_SanDiego_clean/large-comfortable-rooms.jpg
./Meriton_Apartments_Sydney_clean/kitchen-and-living-area.jpg
./Hilton_Malta_clean/our-king-bed-glass-window.jpg
./Adina_Apartment_Berlin_clean/adina-apartment-hotel_020.jpg
./Mandarin_Oriental_Las_Vegas_clean/bedroom-leading-to-massive.jpg
./Hotel41_London_clean/hotel-41_005.jpg
./Intercontinental_Bali_clean/intercontinental-bali_062.jpg
./Hilton_Niagrafalls_clean/area-between-rooms.jpg
./Intercontinental_Bangkok_clean/room_004.jpg
./Hilton_San_Diego_clean/beautiful-room.jpg
./Hotel_Commonwealth_Boston_clean/hotel-commonwealth_012.jpg
./Hilton_Tokyo_clean/hilton-tokyo_020.jpg
./Mandarin_Oriental_Las_Vegas_clean/filename-iphone-pics_001.jpg
./Kempinski_Hotel_Munich_clean/a-bit-outdated-tv-i-didn.jpg
./Hilton_Niagrafalls_clean/fallsview_010.jpg
./Hilton_Beverly_clean/junior-suite-bed.jpg
./Marriot_Newyork_clean/view-of-the-room.jpg
./Marriot_Newyork_clean/new-york-marriott-marquis_007.jpg
./Hilton_SanFrancisco_clean/hilton-suite-1431_002.jpg
./Intercontinental_SanFrancisco_clean/intercontinental-san_024.jpg
./Hilton_SanFrancisco_clean/2-double-beds.jpg
./Intercontinental_NewYork_clean/intercontinental-new_124.jpg
./Casablanca_Newyork_clean/room-605-view-2.jpg
./Hotel_Commonwealth_Boston_clean/supreme-deluxe-room_001.jpg
./Sheraton_SanDiego_clean/room_005.jpg
./Mandarin_Oriental_Las_Vegas_clean/mandarin-oriental-las_117.jpg
./Intercontinental_Bangkok_clean/nice-and-spacious-corner.jpg
./Sheraton_SanDiego_clean/room_001.jpg
./Marriot_Newyork_clean/filename-01-marriottmarquisroo.jpg
./Hotel41_London_clean/hotel-41_033.jpg
./Sheraton_SanDiego_clean/the-sheraton-san-diego_007.jpg
./Marriot_Newyork_clean/room-4361-comfy-bed.jpg
./Casablanca_Newyork_clean/standard-room-with-2.jpg
./Hotel41_London_clean/our-bedroom.jpg
./Meriton_Apartments_Sydney_clean/meriton-serviced-apartments_151.jpg
./Adina_Apartment_Berlin_clean/adina-apartment-hotel_058.jpg
./Platzl_Hotel_Munich_clean/our-room-either-a-standard.jpg
./Sheraton_LosAngles_clean/room_002.jpg
./Sheraton_Newyork_clean/filename-0708121628b.jpg
./Hilton_Niagrafalls_clean/fallsview_053.jpg
./Platzl_Hotel_Munich_clean/lots-of-storage-space.jpg
./Marriot_SanFrancisco_clean/caption.jpg
./Mandarin_Oriental_Las_Vegas_clean/strip-view-corner-suite_001.jpg
./Mandarin_Oriental_Las_Vegas_clean/filename-img-1056-v10.jpg
./Sheraton_SanFrancisco_clean/the-room_002.jpg
./Marriot_SanDiego_clean/filename-travel-hotel_004.jpg
./Adina_Apartment_Berlin_clean/filename-img-3837-jpg.jpg
./Sheraton_Newyork_clean/sheraton-new-york-times_098.jpg
./Sheraton_SanDiego_clean/king-room-bay-tower_001.jpg
./Meriton_Apartments_Sydney_clean/meriton-serviced-apartments_121.jpg
./Intercontinental_Bali_clean/intercontinental-bali_018.jpg
./BestWestern_BryceCanyon_clean/zimmer.jpg
./Intercontinental_Bangkok_clean/bed.jpg
./Intercontinental_Bangkok_clean/caption_004.jpg
./Kempinski_Hotel_Munich_clean/munich.jpg
./Bardessono_Yountville_clean/filename-2012-01-23-22_001.jpg
./Adina_Apartment_Berlin_clean/adina-apartment-hotel_038.jpg
./Intercontinental_Boston_clean/executive-suite_002.jpg
./Hilton_SanFrancisco_clean/comfortable-bed.jpg
./Casablanca_Newyork_clean/the-room-at-the-casablanca.jpg
./Platzl_Hotel_Munich_clean/filename-p1030910-jpg.jpg
./Sheraton_Newyork_clean/filename-0708121628c.jpg
./Mandarin_Oriental_Las_Vegas_clean/room-photo-2.jpg
./Hilton_Tokyo_clean/hilton-tokyo_013.jpg
./Intercontinental_Bangkok_clean/intercontinental-bangkok_020.jpg
./Kempinski_Hotel_Munich_clean/chambre-double.jpg
./Intercontinental_NewYork_clean/intercontinental-new_004.jpg
./Hotel_Commonwealth_Boston_clean/view-from-my-room.jpg
./Hilton_Niagrafalls_clean/hilton-hotel-and-suites_034.jpg
./Hilton_Tokyo_clean/hilton-tokyo_016.jpg
./Marriot_Newyork_clean/corner-room-1133.jpg
./Mandarin_Oriental_Las_Vegas_clean/executive-suite-bedroom.jpg
./Mandarin_Oriental_Las_Vegas_clean/mandarin-oriental-las_124.jpg
./Sheraton_Newyork_clean/sheraton-new-york-times_046.jpg
./Marriot_SanDiego_clean/san-diego-marriott-marquis_023.jpg
./Hilton_Niagrafalls_clean/beautiful-2-bedroom-jacuizzi.jpg
./Sheraton_Newyork_clean/sheraton-new-york-times_040.jpg
./Intercontinental_Bali_clean/intercontinental-bali_036.jpg
./Meriton_Apartments_Sydney_clean/meriton-serviced-apartments_058.jpg
./BestWestern_BryceCanyon_clean/best-western-plus-bryce_005.jpg
./BestWestern_BryceCanyon_clean/filename-img-7559-jpg.jpg
./BestWestern_BryceCanyon_clean/our-room.jpg
./Casablanca_Newyork_clean/room.jpg
./Sheraton_Newyork_clean/sheraton-new-york-times_042.jpg
./Intercontinental_Chicago_clean/bedroom.jpg
./Sheraton_LosAngles_clean/sheraton-gateway-los_010.jpg
./Marriot_SanDiego_clean/filename-mmm1-jpg-thumbnail0.jpg
./Sheraton_SanDiego_clean/room.jpg
./Hilton_Niagrafalls_clean/bed-and-sitting-area.jpg
./AllisonInn_And_Spa_Newberg_clean/filename-1-jpg-thumbnail0.jpg
./Intercontinental_SanFrancisco_clean/intercontinental-san_021.jpg
./Intercontinental_NewYork_clean/intercontinental-new_007.jpg
./Intercontinental_SanFrancisco_clean/room_001.jpg
./Intercontinental_NewYork_clean/filename-east-coast-2011.jpg
./Bardessono_Yountville_clean/another-view-of-the-living.jpg
./Intercontinental_Boston_clean/you-can-hear-the-neighbors.jpg
./Marriot_SanFrancisco_clean/san-francisco-marriott_007.jpg
./Intercontinental_SanFrancisco_clean/intercontinental-san_039.jpg
./Hilton_SanFrancisco_clean/hilton-san-francisco_045.jpg
./Marriot_Newyork_clean/new-york-marriott-marquis_043.jpg
./Hilton_SanFrancisco_clean/mobiliario-de-la-habitacion.jpg
./French_Quarter_Inn_Charleston_clean/french-quarter-inn_004.jpg
./Sheraton_SanDiego_clean/the-sheraton-san-diego_040.jpg
./Mandarin_Oriental_Las_Vegas_clean/bedroom-city-scape-suite.jpg
./Sheraton_SanFrancisco_clean/sheraton-fisherman-s_023.jpg
./Marriot_Miami_clean/view-from-dining-area.jpg
./BestWestern_BryceCanyon_clean/best-western-plus-bryce_019.jpg
./Marriot_Indianapolis_clean/filename-jwmarriott-jpg.jpg
./BestWestern_BryceCanyon_clean/9810ded3e40b976898eafd2bf70911962large.jpg
./Sheraton_SanFrancisco_clean/sheraton-fisherman-s_008.jpg
./Grand_Del_Mar_SanDiego_clean/another-angle-of-room_001.jpg
./Marriot_SanFrancisco_clean/view-with-bed.jpg
./Hilton_SanFrancisco_clean/bed-had-down-comforter.jpg
./Sheraton_SanDiego_clean/room_003.jpg
./Grand_Del_Mar_SanDiego_clean/bedroom_001.jpg
./Sheraton_SanDiego_clean/the-sheraton-san-diego_004.jpg
./Meriton_Apartments_Sydney_clean/meriton-serviced-apartments_081.jpg
./Hilton_Niagrafalls_clean/filename-niagarafalls_004.jpg
./Sheraton_SanFrancisco_clean/sheraton-fisherman-s_033.jpg
./Hilton_Beverly_clean/caption_001.jpg
./Sheraton_SanDiego_clean/2-double-beds-extremely.jpg
./Hilton_Tokyo_clean/standard-queen-room.jpg
./Intercontinental_Boston_clean/intercontinental-boston_003.jpg
./Marriot_Miami_clean/miami-marriott-biscayne_030.jpg
./Sheraton_LosAngles_clean/bedroom_003.jpg
./Le_Champlain_Quebec_clean/chambre-2.jpg
./Casablanca_Newyork_clean/chambre-standard.jpg
./Marriot_Newyork_clean/looking-into-room-4361.jpg
./Hilton_Niagrafalls_clean/hilton-hotel-and-suites_030.jpg
./Hilton_Tokyo_clean/tokyo.jpg
./Le_Champlain_Quebec_clean/quebec-ville.jpg
./Hilton_Tokyo_clean/hilton-tokyo_019.jpg
./Bardessono_Yountville_clean/our-bedroom-at-the-bardessono.jpg
./Hilton_SanFrancisco_clean/zimmer.jpg
./Sheraton_SanFrancisco_clean/sheraton-fisherman-s_032.jpg
./Marriot_Newyork_clean/another-view-of-our-room.jpg
./Intercontinental_Chicago_clean/king-size-bed-and-sofa.jpg
./Hilton_Malta_clean/bett.jpg
./Marriot_SanFrancisco_clean/camera_001.jpg
./Intercontinental_Chicago_clean/chicago_001.jpg
./Sheraton_LosAngles_clean/liked-the-suite.jpg
./Marriot_Miami_clean/particolare-letto.jpg
./Hilton_San_Diego_clean/hilton-san-diego-bayfront_024.jpg
./Bardessono_Yountville_clean/caption_002.jpg
./Intercontinental_SanFrancisco_clean/room-2103_002.jpg
./Hilton_Beverly_clean/oasis-tower-standard.jpg
./Intercontinental_SanFrancisco_clean/intercontinental-san_014.jpg
./Intercontinental_SanFrancisco_clean/sitting-area-to-tv.jpg
./Sheraton_SanDiego_clean/filename-marina-room_004.jpg
./Hilton_Niagrafalls_clean/fallsview_042.jpg
./Hilton_SanFrancisco_clean/room-fromroom-3.jpg
./Marriot_Indianapolis_clean/room-with-two-queen-beds.jpg
./BestWestern_BryceCanyon_clean/best-western-plus-bryce_033.jpg
./Casablanca_Newyork_clean/new-york-city_005.jpg
./Sheraton_Seattle_clean/sheraton-seattle-hotel_024.jpg
./Bardessono_Yountville_clean/bardessono_012.jpg
./Intercontinental_NewYork_clean/filename-nyc-2011-042.jpg
./Hilton_Tokyo_clean/the-room_001.jpg
./Hilton_Tokyo_clean/my-room.jpg
./BestWestern_BryceCanyon_clean/53576bd9d9fb7fa1dea896df8c3614bf2large_001.jpg
./Intercontinental_Boston_clean/intercontinental-boston_004.jpg
./Hilton_Beverly_clean/our-suite_001.jpg
./Grand_Del_Mar_SanDiego_clean/filename-dsc-0132-jpg.jpg
./Intercontinental_SanFrancisco_clean/big-tv-and-lots-of-pricey.jpg
./Marriot_Newyork_clean/new-york-marriott-marquis_058.jpg
./Marriot_Newyork_clean/two-double-beds-in-our.jpg
./Hilton_Tokyo_clean/a-view-of-our-room-2.jpg
./Hilton_Beverly_clean/comfy-bed.jpg
./Hilton_Niagrafalls_clean/bedroom-and-ensuite-view.jpg
./Meriton_Apartments_Sydney_clean/bett.jpg
./Hilton_Beverly_clean/comfortable-bed.jpg
./Marriot_Newyork_clean/room_015.jpg
./Intercontinental_Bangkok_clean/king-bed-for-kings.jpg
./Marriot_Indianapolis_clean/suite.jpg
./Hilton_Malta_clean/l-hotel-non-ha-le-lenzuole.jpg
./Marriot_SanFrancisco_clean/filename-img-3148-jpg.jpg
./Sheraton_SanDiego_clean/zimmer.jpg
./Marriot_SanDiego_clean/our-room.jpg
./Adina_Apartment_Berlin_clean/adina-apartment-hotel_075.jpg
./Meriton_Apartments_Sydney_clean/meriton-serviced-apartments_092.jpg
./Intercontinental_Boston_clean/chambre_002.jpg
./Sheraton_SanDiego_clean/standard-room_001.jpg
./Mandarin_Oriental_Las_Vegas_clean/mandarin-oriental-las_067.jpg
./Marriot_SanFrancisco_clean/san-francisco-marriott_039.jpg
./Le_Champlain_Quebec_clean/le-champlain-hotel_011.jpg
./Mandarin_Oriental_Las_Vegas_clean/filename-img-5866-jpg.jpg
./Hilton_Malta_clean/our-room-in-the-evening.jpg
./Sheraton_SanDiego_clean/bayside-tower-room.jpg
./AllisonInn_And_Spa_Newberg_clean/allison-inn-spa_007.jpg
./Hilton_SanFrancisco_clean/hilton-san-francisco_070.jpg
./Marriot_SanFrancisco_clean/san-francisco-marriott_054.jpg
./BestWestern_BryceCanyon_clean/best-western-plus-bryce_050.jpg
./Sheraton_SanDiego_clean/bedroom.jpg
./Intercontinental_Bangkok_clean/our-room_001.jpg
./Hilton_Beverly_clean/room_001.jpg
./Hilton_Beverly_clean/bedroom.jpg
./Hilton_SanFrancisco_clean/hilton-san-francisco_038.jpg
./Meriton_Apartments_Sydney_clean/meriton-serviced-apartments_139.jpg
./Hotel41_London_clean/suite-4128_001.jpg
./Marriot_Newyork_clean/aa4ab66680214db1d24a1ef82dcec5dd2large.jpg
./Hotel_Commonwealth_Boston_clean/suite-bathroom.jpg
./Grand_Del_Mar_SanDiego_clean/room-280-my-suite.jpg
./Sheraton_SanDiego_clean/living-area-in-suite.jpg
./Casablanca_Newyork_clean/casablanca-hotel-times_013.jpg
./Mandarin_Oriental_Las_Vegas_clean/zimmer_001.jpg
./Bardessono_Yountville_clean/filename-p5030307-jpg.jpg
./Meriton_Apartments_Sydney_clean/filename-dsc00001-jpg.jpg
./Casablanca_Newyork_clean/the-king-room-just-like.jpg
./Hotel41_London_clean/king-size-bed-with-tons.jpg
./Hilton_Tokyo_clean/part-of-the-suite.jpg
./BestWestern_BryceCanyon_clean/best-western-plus-bryce_042.jpg
./Intercontinental_Bangkok_clean/intercontinental-bangkok_018.jpg
./Hilton_Tokyo_clean/my-room_001.jpg
./Meriton_Apartments_Sydney_clean/meriton-serviced-apartments_073.jpg
./Hilton_Beverly_clean/la-chambre.jpg
./Intercontinental_NewYork_clean/intercontinental-new_111.jpg
./Hilton_Beverly_clean/desk-area-nice-flat-screen.jpg
./BestWestern_BryceCanyon_clean/bed-room.jpg
./Le_Champlain_Quebec_clean/superior-room--v1538549-83.jpg
./Sheraton_Newyork_clean/sheraton-new-york-times_087.jpg
./BestWestern_BryceCanyon_clean/best-western-plus-bryce_051.jpg
./Mandarin_Oriental_Las_Vegas_clean/our-cityscape-double.jpg
./Intercontinental_Bangkok_clean/intercontinental-bangkok_010.jpg
./Hotel_Commonwealth_Boston_clean/hotel-commonwealth_017.jpg
./Hilton_Malta_clean/hilton-malta_048.jpg
./Meriton_Apartments_Sydney_clean/meriton-serviced-apartments_155.jpg
./Marriot_SanDiego_clean/san-diego-marriott-marquis_012.jpg
./Kempinski_Hotel_Munich_clean/kempinski-hotel-airport_029.jpg
./Marriot_Miami_clean/camera_001.jpg
./Intercontinental_SanFrancisco_clean/intercontinental-san_018.jpg
./Intercontinental_SanFrancisco_clean/intercontinental-san_010.jpg
./Hilton_Tokyo_clean/room-and-bed.jpg
./Kempinski_Hotel_Munich_clean/nice-bed.jpg
./Sheraton_SanDiego_clean/the-sheraton-san-diego_038.jpg
./Intercontinental_SanFrancisco_clean/camera_002.jpg
./Mandarin_Oriental_Las_Vegas_clean/mandarin-oriental-las_123.jpg
./Mandarin_Oriental_Las_Vegas_clean/filename-iphone-pics_002.jpg
./Hilton_Tokyo_clean/bedroom.jpg
./Hilton_Beverly_clean/king-bed-best-in-the.jpg
./Meriton_Apartments_Sydney_clean/meriton-serviced-apartments_153.jpg
./Hilton_Tokyo_clean/hilton-tokyo_034.jpg
./Sheraton_SanDiego_clean/the-sheraton-san-diego_044.jpg
./Marriot_SanFrancisco_clean/our-room-a-little-messy.jpg
./Sheraton_Seattle_clean/sheraton-seattle-hotel_005.jpg
./Le_Champlain_Quebec_clean/superior-room--v1538555-83.jpg
./Mandarin_Oriental_Las_Vegas_clean/bedroom-view-of-room.jpg
./Hotel41_London_clean/hotel-41_013.jpg
./Hilton_Niagrafalls_clean/hilton-hotel-and-suites_023.jpg
./Marriot_Newyork_clean/double-room.jpg
./Sheraton_Seattle_clean/sheraton-seattle-hotel_023.jpg
./Meriton_Apartments_Sydney_clean/meriton-serviced-apartments_122.jpg
./Casablanca_Newyork_clean/caption.jpg
./French_Quarter_Inn_Charleston_clean/french-quarter-inn_009.jpg
./Hilton_Malta_clean/great-big-comfortable.jpg
./Kempinski_Hotel_Munich_clean/kempinski-hotel-airport_026.jpg
./Marriot_SanDiego_clean/newly-renovated-room.jpg
./Intercontinental_Chicago_clean/bedroom_002.jpg
./Sheraton_SanFrancisco_clean/unser-zimmer_002.jpg
./Adina_Apartment_Berlin_clean/adina-apartment-hotel_074.jpg
./Hilton_Malta_clean/chambre_002.jpg
./Hilton_Niagrafalls_clean/room-layout-1.jpg
./Hilton_SanFrancisco_clean/hilton-san-francisco_020.jpg
./Mandarin_Oriental_Las_Vegas_clean/bed-in-dynasty-suite.jpg
./Hilton_San_Diego_clean/hilton-san-diego-bayfront_036.jpg
./Mandarin_Oriental_Las_Vegas_clean/executive-suite-bathroom_001.jpg
./Sheraton_Seattle_clean/sheraton-seattle-hotel_008.jpg
./Kempinski_Hotel_Munich_clean/filename-img-8014-jpg.jpg
./Hilton_SanFrancisco_clean/dine-in-the-room.jpg
./Hotel_Commonwealth_Boston_clean/filename-p1070969-jpg.jpg
./Marriot_Newyork_clean/new-york-marriott-marquis_045.jpg
./Marriot_SanDiego_clean/room-2227-sitting-area.jpg
./Hotel41_London_clean/bedroom_001.jpg
./Platzl_Hotel_Munich_clean/platzl-hotel_019.jpg
./Marriot_SanFrancisco_clean/nice-roomy-rooms-crazy.jpg
./Marriot_SanFrancisco_clean/san-francisco-marriott_017.jpg
./Marriot_Newyork_clean/picture-of-one-of-the.jpg
./Marriot_SanFrancisco_clean/san-francisco-marriott_031.jpg
./Hilton_Beverly_clean/beverly-hills_002.jpg
./Casablanca_Newyork_clean/king-size-room-604.jpg
./Le_Champlain_Quebec_clean/room-number-49-standard.jpg
./Marriot_Newyork_clean/king-room.jpg
./Hilton_Niagrafalls_clean/as-you-step-in-the-door.jpg
./Hilton_Tokyo_clean/the-room_003.jpg
./Meriton_Apartments_Sydney_clean/meriton-serviced-apartments_138.jpg
./Intercontinental_SanFrancisco_clean/camera_001.jpg
./Mandarin_Oriental_Las_Vegas_clean/room-photo-1.jpg
./Sheraton_LosAngles_clean/sheraton-gateway-los_035.jpg
./Le_Champlain_Quebec_clean/quebec-ville_001.jpg
./Sheraton_LosAngles_clean/sheraton-gateway-los_015.jpg
./Sheraton_LosAngles_clean/sheraton-gateway-los_036.jpg
./BestWestern_BryceCanyon_clean/best-western-plus-bryce_022.jpg
./Intercontinental_NewYork_clean/intercontinental-new_080.jpg
./Hotel41_London_clean/deluxe-room_001.jpg
./Hilton_Malta_clean/bedroom_002.jpg
./Marriot_Newyork_clean/room-2.jpg
./Intercontinental_SanFrancisco_clean/filename-img-4061-jpg.jpg
./Hilton_Niagrafalls_clean/room-2407.jpg
./Hilton_Malta_clean/hilton-malta_021.jpg
./Hilton_Niagrafalls_clean/room-view-after-the-storm.jpg
./Hilton_Tokyo_clean/tokyo-hilton-bedroom.jpg
./Casablanca_Newyork_clean/casablanca-hotel-times_023.jpg
./BestWestern_BryceCanyon_clean/best-western-plus-bryce_066.jpg
./Adina_Apartment_Berlin_clean/adina-apartment-hotel_051.jpg
./Hilton_Niagrafalls_clean/king-bed.jpg
./Sheraton_Newyork_clean/sheraton-new-york-times_036.jpg
./Adina_Apartment_Berlin_clean/adina-apartment-hotel_022.jpg
./Kempinski_Hotel_Munich_clean/bett-und-schreibtisch.jpg
./Hilton_SanFrancisco_clean/san-francisco.jpg
./Hilton_Niagrafalls_clean/hilton-hotel-and-suites_031.jpg
./Marriot_SanFrancisco_clean/our-room_001.jpg
./Hilton_SanFrancisco_clean/filename-us-bed-jpg-thumbnail0.jpg
./Marriot_Newyork_clean/new-york-marriott-marquis_008.jpg
./Sheraton_SanFrancisco_clean/the-bed-in-our-double.jpg
./Marriot_Newyork_clean/new-york-marriott-marquis_061.jpg
./Grand_Del_Mar_SanDiego_clean/la-chambre_001.jpg
./Meriton_Apartments_Sydney_clean/meriton-serviced-apartments_011.jpg
./Sheraton_LosAngles_clean/filename-dsc03942-jpg.jpg
./Meriton_Apartments_Sydney_clean/meriton-serviced-apartments_109.jpg
./Sheraton_SanFrancisco_clean/large-lcd-tv.jpg
./Intercontinental_Chicago_clean/intercontinental-chicago_002.jpg
./French_Quarter_Inn_Charleston_clean/2b2f910bd16408254b6a7b9cc77536aa2large.jpg
./Bardessono_Yountville_clean/bardessono_030.jpg
./Intercontinental_Bangkok_clean/intercontinental-bangkok_041.jpg
./Hotel41_London_clean/great-bed-and-notice.jpg
./Hilton_Beverly_clean/guest-room.jpg
./Sheraton_SanFrancisco_clean/sheraton-fisherman-s_034.jpg
./Sheraton_LosAngles_clean/sheraton-gateway-los_038.jpg
./Grand_Del_Mar_SanDiego_clean/wickedly-comfortable.jpg
./Sheraton_SanFrancisco_clean/sheraton-fisherman-s_024.jpg
./Hilton_Tokyo_clean/room_002.jpg
./Marriot_Indianapolis_clean/jw-marriott-indianapolis_021.jpg
./Marriot_Miami_clean/room.jpg
./Mandarin_Oriental_Las_Vegas_clean/mandarin-oriental-las_157.jpg
./Hilton_Tokyo_clean/caption_007.jpg
./Hilton_Malta_clean/bedroom.jpg
./Meriton_Apartments_Sydney_clean/meriton-serviced-apartments_134.jpg
./Hilton_Tokyo_clean/hilton-tokyo_003.jpg
./Intercontinental_NewYork_clean/intercontinental-new_020.jpg
./Hilton_Malta_clean/caption_005.jpg
./Intercontinental_NewYork_clean/beautiful-corner-room.jpg
./Grand_Del_Mar_SanDiego_clean/the-bed.jpg
./Hilton_Niagrafalls_clean/hilton-hotel-and-suites_036.jpg
./Kempinski_Hotel_Munich_clean/room_003.jpg
./Sheraton_SanDiego_clean/the-sheraton-san-diego_049.jpg
./Intercontinental_Chicago_clean/king-bed_002.jpg
./Marriot_Newyork_clean/room_007.jpg
./Hilton_Niagrafalls_clean/filename-toronto-19b.jpg
./Intercontinental_Boston_clean/room.jpg
./Mandarin_Oriental_Las_Vegas_clean/stanza.jpg
./Marriot_SanDiego_clean/san-diego-marriott-marquis_028.jpg
./Casablanca_Newyork_clean/casablanca-hotel-times_026.jpg
./Kempinski_Hotel_Munich_clean/9a4727dd6817904aed2e99f126d64d031large.jpg
./Intercontinental_NewYork_clean/intercontinental-new_013.jpg
./Meriton_Apartments_Sydney_clean/meriton-serviced-apartments_091.jpg
./Intercontinental_Boston_clean/king-room.jpg
./Marriot_Newyork_clean/room_002.jpg
./Intercontinental_Bangkok_clean/bangkok_002.jpg
./Hilton_San_Diego_clean/view-from-the-room.jpg
./Hilton_Beverly_clean/the-beverly-hilton_007.jpg
./Sheraton_Newyork_clean/caption_002.jpg
./Intercontinental_SanFrancisco_clean/two-queen-suite-sorry.jpg
./Intercontinental_Bangkok_clean/club-room.jpg
./Marriot_Miami_clean/comfortable-beds.jpg
./Mandarin_Oriental_Las_Vegas_clean/bedroom_002.jpg
./Marriot_Indianapolis_clean/my-room.jpg
./BestWestern_BryceCanyon_clean/bedroom.jpg
./Hilton_SanFrancisco_clean/2double-beds.jpg
./Hilton_Niagrafalls_clean/fallsview_005.jpg
./Sheraton_SanDiego_clean/bay-tower-room.jpg
./Sheraton_Newyork_clean/sheraton-new-york-times_065.jpg
./Meriton_Apartments_Sydney_clean/filename-dsc03157-jpg.jpg
./Meriton_Apartments_Sydney_clean/meriton-serviced-apartments_021.jpg
./Mandarin_Oriental_Las_Vegas_clean/mandarin-oriental-las_156.jpg
./Intercontinental_Bali_clean/intercontinental-bali_006.jpg
./Marriot_Newyork_clean/new-york-marriott-marquis_042.jpg
./Intercontinental_NewYork_clean/intercontinental-new_118.jpg
./Meriton_Apartments_Sydney_clean/meriton-serviced-apartments_029.jpg
./Intercontinental_Bangkok_clean/filename-026-jpg-thumbnail0.jpg
./Hilton_SanFrancisco_clean/camera-con-affaccio-sulla.jpg
./Marriot_Miami_clean/miami-marriott-biscayne_007.jpg
./Adina_Apartment_Berlin_clean/cocina_001.jpg
./Hotel41_London_clean/filename-dscf2165-jpg.jpg
./Marriot_Newyork_clean/new-york-marriott-marquis_020.jpg
./Sheraton_Newyork_clean/sheraton-new-york-times_056.jpg
./Hilton_Malta_clean/caption_009.jpg
./Sheraton_Newyork_clean/bed.jpg
